,Birth_Rate,Death_Rate,Urban Population (%),Dependency Ratio (%)
PC1,0.5538706177873984,0.43465625634375615,-0.4840215268826429,0.5196387582611902
PC2,-0.2231760602182673,0.8844071222558648,0.11710396997337691,-0.39281439442187854
